panel,pdb,axis_category,native_residue,stepmhc_dlogit,foldx_mean_paired_ddg,missing_reason
PEPTIDE_POSITION,2bnr,P1,S,0.5409704963308191,0.0081400000000002,
PEPTIDE_POSITION,2bnr,P2,L,0.4124063003290407,-0.1610400000000005,
PEPTIDE_POSITION,2bnr,P3,L,-0.2005767751682439,0.1569799999999993,
PEPTIDE_POSITION,2bnr,P4,M,0.3620657003356983,2.7980399999999994,
PEPTIDE_POSITION,2bnr,P5,W,0.3562552059265109,6.9274,
PEPTIDE_POSITION,2bnr,P6,I,0.1484456906491125,0.3898199999999988,
PEPTIDE_POSITION,2bnr,P7,T,0.3437774133744975,0.8586999999999989,
PEPTIDE_POSITION,2bnr,P8,Q,1.006007853048255,0.7044000000000004,
PEPTIDE_POSITION,2bnr,P9,C,0.215249519688671,0.0627199999999994,
TCR_LOOP,2bnr,A1,,0.0741860773049357,2.65319,
TCR_LOOP,2bnr,A2,,0.003004867171049,0.1025799999999996,
TCR_LOOP,2bnr,A3,,0.0114794885626361,0.1796200000000012,
TCR_LOOP,2bnr,B1,,-0.0776510302581918,1.50876,
TCR_LOOP,2bnr,B2,,0.3278137523431003,1.1147300000000002,
TCR_LOOP,2bnr,B3,,0.2991795243982733,0.6361000000000004,
PEPTIDE_POSITION,3gsn,P1,N,1.6317010135863554,0.116679999999998,
PEPTIDE_POSITION,3gsn,P2,L,1.3887541935980423,-0.0121999999999999,
PEPTIDE_POSITION,3gsn,P3,V,0.4319558430271693,0.5854799999999998,
PEPTIDE_POSITION,3gsn,P4,P,-0.3017526332694056,1.1585800000000006,
PEPTIDE_POSITION,3gsn,P5,M,0.3222917163658048,1.6162599999999985,
PEPTIDE_POSITION,3gsn,P6,V,0.4915556592105123,0.0788799999999994,
PEPTIDE_POSITION,3gsn,P7,A,,,native_alanine_excluded
PEPTIDE_POSITION,3gsn,P8,T,0.3819244936690826,1.4576600000000006,
PEPTIDE_POSITION,3gsn,P9,V,0.3616605214112751,-0.0372000000000021,
TCR_LOOP,3gsn,A1,,0.5446512586357783,1.8214899999999996,
TCR_LOOP,3gsn,A2,,0.0801025475941255,0.587919999999999,
TCR_LOOP,3gsn,A3,,0.25239890822677,0.1665499999999987,
TCR_LOOP,3gsn,B1,,0.0301078741807274,1.5616400000000006,
TCR_LOOP,3gsn,B2,,0.2006164949280864,1.2554600000000005,
TCR_LOOP,3gsn,B3,,0.1602034632590759,0.7467899999999993,
PEPTIDE_POSITION,3o4l,P1,G,0.7967800477687297,0.4610400000000005,
PEPTIDE_POSITION,3o4l,P2,L,1.8000128022756223,0.240400000000001,
PEPTIDE_POSITION,3o4l,P3,C,0.2899253618244706,0.2410999999999994,
PEPTIDE_POSITION,3o4l,P4,T,0.1861617129925592,-0.2850799999999999,
PEPTIDE_POSITION,3o4l,P5,L,0.5557890474965317,0.4041600000000002,
PEPTIDE_POSITION,3o4l,P6,V,0.2550698643123601,1.3448599999999993,
PEPTIDE_POSITION,3o4l,P7,A,,,native_alanine_excluded
PEPTIDE_POSITION,3o4l,P8,M,0.2522559567945874,0.367260000000001,
PEPTIDE_POSITION,3o4l,P9,L,0.4326440139424701,-0.0218800000000008,
TCR_LOOP,3o4l,A1,,0.1703463623338461,0.8489600000000003,
TCR_LOOP,3o4l,A2,,1.4666387474305496,1.31106,
TCR_LOOP,3o4l,A3,,0.087701481088952,0.2575799999999993,
TCR_LOOP,3o4l,B1,,0.0072003306204083,0.4146900000000002,
TCR_LOOP,3o4l,B2,,-0.0116203600885804,0.1546599999999998,
TCR_LOOP,3o4l,B3,,0.0108393518884606,0.4442199999999993,
PEPTIDE_POSITION,3qdj,P1,A,,,native_alanine_excluded
PEPTIDE_POSITION,3qdj,P2,A,,,native_alanine_excluded
PEPTIDE_POSITION,3qdj,P3,G,0.8716009153528144,-0.196299999999999,
PEPTIDE_POSITION,3qdj,P4,I,1.8828033605152328,1.5719600000000002,
PEPTIDE_POSITION,3qdj,P5,G,0.7970974321975623,0.0902999999999998,
PEPTIDE_POSITION,3qdj,P6,I,0.9308172479724356,0.3024999999999995,
PEPTIDE_POSITION,3qdj,P7,L,0.2030953247974847,1.3978399999999995,
PEPTIDE_POSITION,3qdj,P8,T,0.607823085306531,1.3161400000000003,
PEPTIDE_POSITION,3qdj,P9,V,1.0670920733816205,0.0144999999999999,
TCR_LOOP,3qdj,A1,,0.7388476064350846,-0.0010099999999997,
TCR_LOOP,3qdj,A2,,0.4834602335981555,0.2567999999999998,
TCR_LOOP,3qdj,A3,,0.0557582901794955,0.1363800000000004,
TCR_LOOP,3qdj,B1,,0.6854501389528536,1.12966,
TCR_LOOP,3qdj,B2,,0.0069493796928656,0.4407399999999996,
TCR_LOOP,3qdj,B3,,0.0827956816309916,0.6598000000000006,
PEPTIDE_POSITION,6mtm,P1,F,0.3676506732133657,0.2548200000000005,
PEPTIDE_POSITION,6mtm,P2,E,0.0438431762105948,-0.4206199999999999,
PEPTIDE_POSITION,6mtm,P3,D,-0.0008644543755065,2.523179999999999,
PEPTIDE_POSITION,6mtm,P4,L,0.9202753331711536,1.0396399999999997,
PEPTIDE_POSITION,6mtm,P5,R,0.3613843646948345,0.5650199999999994,
PEPTIDE_POSITION,6mtm,P6,V,0.8185448373983082,0.0893799999999998,
PEPTIDE_POSITION,6mtm,P7,L,1.8794864853200115,1.0999599999999998,
PEPTIDE_POSITION,6mtm,P8,S,1.5429598469243817,1.3029800000000002,
PEPTIDE_POSITION,6mtm,P9,F,1.9724396441741887,0.0064600000000002,
TCR_LOOP,6mtm,A1,,-0.1640688906687715,1.7157399999999998,
TCR_LOOP,6mtm,A2,,0.0102474370781376,0.8381099999999995,
TCR_LOOP,6mtm,A3,,0.0754235454890372,1.3742400000000004,
TCR_LOOP,6mtm,B1,,0.9518581467679452,0.6474900000000001,
TCR_LOOP,6mtm,B2,,0.2824682383276458,0.4282999999999994,
TCR_LOOP,6mtm,B3,,-0.0207852929910543,0.6705599999999996,
PEPTIDE_POSITION,7dzm,P1,T,0.2719437183087323,0.083319999999999,
PEPTIDE_POSITION,7dzm,P2,P,-0.3588326806270596,0.0088199999999986,
PEPTIDE_POSITION,7dzm,P3,Q,1.4298386223168422,0.1958999999999982,
PEPTIDE_POSITION,7dzm,P4,D,-0.6473294678311134,-0.5114599999999996,
PEPTIDE_POSITION,7dzm,P5,L,-0.0927238391701217,0.5312000000000004,
PEPTIDE_POSITION,7dzm,P6,N,0.1364863986162217,3.05524,
PEPTIDE_POSITION,7dzm,P7,T,0.1515074585673386,0.0815199999999983,
PEPTIDE_POSITION,7dzm,P8,M,-0.7786268006870598,0.4369199999999999,
PEPTIDE_POSITION,7dzm,P9,L,0.4715742686955586,0.0,
TCR_LOOP,7dzm,A1,,0.1189168402968163,0.9063499999999992,
TCR_LOOP,7dzm,A2,,0.1475051949243411,0.4818999999999988,
TCR_LOOP,7dzm,A3,,0.0678047100141423,1.45666,
TCR_LOOP,7dzm,B1,,-0.2570999089560666,0.9069999999999994,
TCR_LOOP,7dzm,B2,,0.2546262567925441,0.9824799999999996,
TCR_LOOP,7dzm,B3,,-0.0029184614969373,1.0311599999999992,
PEPTIDE_POSITION,7n1f,P1,Y,2.850805607445862,0.1522599999999997,
PEPTIDE_POSITION,7n1f,P2,L,3.5660847523417285,-0.0340799999999994,
PEPTIDE_POSITION,7n1f,P3,Q,3.065627524512201,0.07832,
PEPTIDE_POSITION,7n1f,P4,P,1.262401558621883,0.1165400000000005,
PEPTIDE_POSITION,7n1f,P5,R,3.907274806985011,8.092699999999999,
PEPTIDE_POSITION,7n1f,P6,T,1.3283051042670273,1.95544,
PEPTIDE_POSITION,7n1f,P7,F,1.6126453069798754,2.005,
PEPTIDE_POSITION,7n1f,P8,L,0.3362190610069699,1.2791200000000005,
PEPTIDE_POSITION,7n1f,P9,L,0.5343329007576223,-0.0015400000000006,
TCR_LOOP,7n1f,A1,,-0.0038179973130491,1.0247,
TCR_LOOP,7n1f,A2,,0.205668912644179,1.3272199999999992,
TCR_LOOP,7n1f,A3,,1.2614848258433755,0.8310699999999996,
TCR_LOOP,7n1f,B1,,0.6164016302126101,1.8664900000000004,
TCR_LOOP,7n1f,B2,,0.124634841374236,0.4799800000000004,
TCR_LOOP,7n1f,B3,,2.2598209590783505,0.8466299999999993,
PEPTIDE_POSITION,7n2o,P1,L,0.1816159266780462,0.0704599999999995,
PEPTIDE_POSITION,7n2o,P2,R,0.2744023242887387,0.0670200000000004,
PEPTIDE_POSITION,7n2o,P3,V,-0.1703657228306579,-0.3594799999999996,
PEPTIDE_POSITION,7n2o,P4,M,0.1063767968744919,2.73064,
PEPTIDE_POSITION,7n2o,P5,M,0.4120664855328571,-0.0198599999999999,
PEPTIDE_POSITION,7n2o,P6,L,0.6978458440638479,1.5008999999999997,
PEPTIDE_POSITION,7n2o,P7,A,,,native_alanine_excluded
PEPTIDE_POSITION,7n2o,P8,P,-0.1246739161649007,1.3000599999999998,
PEPTIDE_POSITION,7n2o,P9,F,0.4034333208590589,-0.0328000000000006,
TCR_LOOP,7n2o,A1,,0.3461264746772734,1.4797100000000003,
TCR_LOOP,7n2o,A2,,0.1970101746167086,0.4222799999999999,
TCR_LOOP,7n2o,A3,,0.0165232445653754,-0.0347000000000008,
TCR_LOOP,7n2o,B1,,,,no_eligible_nonalanine_interface_mutation
TCR_LOOP,7n2o,B2,,,,no_eligible_nonalanine_interface_mutation
TCR_LOOP,7n2o,B3,,0.0053584732847751,0.5753799999999998,
PEPTIDE_POSITION,7n2p,P1,G,-0.0430359045508346,0.0080600000000011,
PEPTIDE_POSITION,7n2p,P2,Q,0.8469189250237352,-0.0524599999999999,
PEPTIDE_POSITION,7n2p,P3,V,-0.2921031125964067,-0.0431999999999987,
PEPTIDE_POSITION,7n2p,P4,M,0.3476173184564619,2.24684,
PEPTIDE_POSITION,7n2p,P5,V,0.742507362870551,-0.137340000000001,
PEPTIDE_POSITION,7n2p,P6,V,-0.1069926572596717,0.9357799999999996,
PEPTIDE_POSITION,7n2p,P7,A,,,native_alanine_excluded
PEPTIDE_POSITION,7n2p,P8,P,0.0126844413358405,1.67848,
PEPTIDE_POSITION,7n2p,P9,R,0.1242754054085737,0.0173599999999993,
TCR_LOOP,7n2p,A1,,0.1565114151096339,0.905,
TCR_LOOP,7n2p,A2,,0.1137828643093956,0.5130600000000003,
TCR_LOOP,7n2p,A3,,-0.0608179668156869,1.6363699999999994,
TCR_LOOP,7n2p,B1,,,,no_eligible_nonalanine_interface_mutation
TCR_LOOP,7n2p,B2,,-0.1217024465884129,0.9257399999999996,
TCR_LOOP,7n2p,B3,,0.0835276615553383,0.1940400000000018,
RANK_2BNR,2bnr,P1 S→A,,0.9,0.23333333333333334,reliability_flagged
RANK_2BNR,2bnr,P2 L→A,,0.8333333333333334,0.1,
RANK_2BNR,2bnr,P3 L→A,,0.03333333333333333,0.36666666666666664,
RANK_2BNR,2bnr,P4 M→A,,0.8,0.9,
RANK_2BNR,2bnr,P5 W→A,,0.7666666666666667,1.0,
RANK_2BNR,2bnr,P6 I→A,,0.6,0.5333333333333333,
RANK_2BNR,2bnr,P7 T→A,,0.7333333333333333,0.7,
RANK_2BNR,2bnr,P8 Q→A,,1.0,0.6,
RANK_2BNR,2bnr,P9 C→A,,0.6666666666666666,0.26666666666666666,
RANK_2BNR,2bnr,A1.5 Y→A,,0.5,0.9666666666666667,
RANK_2BNR,2bnr,A1.6 N→A,,0.5333333333333333,0.3,
RANK_2BNR,2bnr,A2.2 Q→A,,0.6333333333333333,0.43333333333333335,reliability_flagged
RANK_2BNR,2bnr,A2.3 S→A,,0.2,0.2,reliability_flagged
RANK_2BNR,2bnr,A2.4 S→A,,0.23333333333333334,0.03333333333333333,
RANK_2BNR,2bnr,A2.5 Q→A,,0.4,0.6666666666666666,
RANK_2BNR,2bnr,A3.4 R→A,,0.43333333333333335,0.3333333333333333,
RANK_2BNR,2bnr,A3.5 P→A,,0.26666666666666666,0.7333333333333333,
RANK_2BNR,2bnr,A3.6 T→A,,0.3,0.06666666666666667,reliability_flagged
RANK_2BNR,2bnr,A3.7 S→A,,0.3333333333333333,0.4666666666666667,
RANK_2BNR,2bnr,A3.10 S→A,,0.5666666666666667,0.13333333333333333,
RANK_2BNR,2bnr,A3.11 Y→A,,0.4666666666666667,0.9333333333333333,
RANK_2BNR,2bnr,B1.2 N→A,,0.13333333333333333,0.5,
RANK_2BNR,2bnr,B1.4 E→A,,0.06666666666666667,0.8666666666666667,
RANK_2BNR,2bnr,B2.2 V→A,,0.1,0.8,
RANK_2BNR,2bnr,B2.6 I→A,,0.9666666666666667,0.7666666666666667,
RANK_2BNR,2bnr,B3.4 S→A,,0.16666666666666666,0.5666666666666667,
RANK_2BNR,2bnr,B3.5 Y→A,,0.7,0.6333333333333333,
RANK_2BNR,2bnr,B3.6 V→A,,0.36666666666666664,0.8333333333333334,
RANK_2BNR,2bnr,B3.8 N→A,,0.9333333333333333,0.16666666666666666,
RANK_2BNR,2bnr,B3.9 T→A,,0.8666666666666667,0.4,
RANK_3QDJ,3qdj,P3 G→A,,0.8076923076923077,0.11538461538461539,
RANK_3QDJ,3qdj,P4 I→A,,1.0,0.9615384615384616,
RANK_3QDJ,3qdj,P5 G→A,,0.7692307692307693,0.3076923076923077,
RANK_3QDJ,3qdj,P6 I→A,,0.8461538461538461,0.5384615384615384,
RANK_3QDJ,3qdj,P7 L→A,,0.4230769230769231,0.9230769230769231,
RANK_3QDJ,3qdj,P8 T→A,,0.6923076923076923,0.8461538461538461,
RANK_3QDJ,3qdj,P9 V→A,,0.9230769230769231,0.2692307692307692,
RANK_3QDJ,3qdj,A1.1 D→A,,0.6153846153846154,0.07692307692307693,
RANK_3QDJ,3qdj,A1.2 R→A,,0.9615384615384616,0.15384615384615385,reliability_flagged
RANK_3QDJ,3qdj,A1.5 Q→A,,0.8846153846153846,0.7692307692307693,
RANK_3QDJ,3qdj,A1.6 S→A,,0.5384615384615384,0.19230769230769232,
RANK_3QDJ,3qdj,A2.2 Y→A,,0.46153846153846156,0.8846153846153846,
RANK_3QDJ,3qdj,A2.3 S→A,,0.5769230769230769,0.23076923076923078,reliability_flagged
RANK_3QDJ,3qdj,A2.4 N→A,,0.6538461538461539,0.5,
RANK_3QDJ,3qdj,A3.4 N→A,,0.23076923076923078,0.5769230769230769,
RANK_3QDJ,3qdj,A3.5 F→A,,0.3076923076923077,0.34615384615384615,
RANK_3QDJ,3qdj,A3.9 K→A,,0.11538461538461539,0.038461538461538464,
RANK_3QDJ,3qdj,B1.4 N→A,,0.7307692307692307,0.7307692307692307,
RANK_3QDJ,3qdj,B2.2 N→A,,0.5,0.6153846153846154,reliability_flagged
RANK_3QDJ,3qdj,B2.3 T→A,,0.07692307692307693,0.6538461538461539,
RANK_3QDJ,3qdj,B2.6 T→A,,0.15384615384615385,0.4230769230769231,
RANK_3QDJ,3qdj,B3.5 L→A,,0.38461538461538464,0.8076923076923077,
RANK_3QDJ,3qdj,B3.6 S→A,,0.19230769230769232,0.6923076923076923,
RANK_3QDJ,3qdj,B3.7 F→A,,0.34615384615384615,1.0,
RANK_3QDJ,3qdj,B3.9 T→A,,0.038461538461538464,0.46153846153846156,reliability_flagged
RANK_3QDJ,3qdj,B3.10 E→A,,0.2692307692307692,0.38461538461538464,
