model,level,key,n,pos,roc,pr
imrex,allele,HLA-A02:01,197,33,0.5360310421286031,0.21542196221436105
imrex,allele,HLA-A03:01,65,11,0.505050505050505,0.21099561777097506
imrex,allele,HLA-A11:01,29,5,0.35,0.15238095238095237
imrex,allele,HLA-A29:01,30,5,0.152,0.11919757215409389
imrex,allele,HLA-B15:01,149,25,0.422258064516129,0.1434599462408636
imrex,allele,HLA-B18:01,18,3,0.5555555555555556,0.2240740740740741
imrex,allele,HLA-B35:01,24,4,0.275,0.14498462064251538
imrex,allele,HLA-B40:02,30,5,0.52,0.20835497835497835
imrex,allele,HLA-B53:01,65,11,0.5521885521885521,0.2559293150725376
imrex,allele,HLA-C15:02,47,7,0.6785714285714286,0.3087551687341603
imrex,patient,NAC01,130,21,0.6033202271734381,0.2048910203370731
imrex,patient,NAC02,36,6,0.6166666666666667,0.2672580143168378
imrex,patient,NAC03,214,36,0.49453807740324596,0.23379756009578948
imrex,patient,NAC04,48,8,0.3125,0.13518286227624005
imrex,patient,NAC05,125,21,0.45604395604395603,0.15377679340826786
imrex,patient,NAC07,42,7,0.6816326530612244,0.46943106154928815
imrex,patient,NAC09,71,12,0.2641242937853107,0.1201770394242328
imrex,peptide,AAAGVSFTK,29,5,0.35,0.15238095238095237
imrex,peptide,FILGRVFVV,18,3,0.33333333333333326,0.1619047619047619
imrex,peptide,FLSINVHKV,77,13,0.6850961538461539,0.43797617666395944
imrex,peptide,FMYGPLVVV,42,7,0.326530612244898,0.1366852888236933
imrex,peptide,FPVPVLETY,47,8,0.5448717948717949,0.29942587899904977
imrex,peptide,GQAQGIGSSVY,113,19,0.34322508398656215,0.12744844610088107
imrex,peptide,HPAAHAPMM,18,3,0.3111111111111111,0.18382352941176472
imrex,peptide,KLNSGIAYV,24,4,0.5625,0.40522875816993464
imrex,peptide,LYLDSFYEY,30,5,0.152,0.11919757215409389
imrex,peptide,RLMEDLDWNK,35,6,0.5977011494252873,0.2627886002886003
imrex,peptide,SEVIFLPFL,30,5,0.52,0.20835497835497835
imrex,peptide,TVYPMARLL,47,7,0.6785714285714286,0.3087551687341603
nettcr,allele,HLA-A02:01,198,33,0.44315886134067956,0.16253934392656372
nettcr,allele,HLA-A03:01,66,11,0.6198347107438017,0.41783386453426097
nettcr,allele,HLA-A11:01,30,5,0.336,0.1456177156177156
nettcr,allele,HLA-A29:01,30,5,0.32,0.14176378169118642
nettcr,allele,HLA-B15:01,150,25,0.5392,0.23562348392785393
nettcr,allele,HLA-B18:01,18,3,0.4222222222222222,0.27677224736048267
nettcr,allele,HLA-B35:01,24,4,0.23750000000000002,0.13416210982000454
nettcr,allele,HLA-B40:02,30,5,0.736,0.3481818181818182
nettcr,allele,HLA-B53:01,66,11,0.6231404958677687,0.2541000843632423
nettcr,allele,HLA-C15:02,48,8,0.603125,0.22115991647241648
nettcr,patient,NAC01,132,22,0.6818181818181819,0.3399716998701846
nettcr,patient,NAC02,36,6,0.4388888888888889,0.17992065405858507
nettcr,patient,NAC03,216,36,0.49614197530864196,0.21738842514615533
nettcr,patient,NAC04,48,8,0.40624999999999994,0.15228439420099188
nettcr,patient,NAC05,126,21,0.5428571428571429,0.20190076514102728
nettcr,patient,NAC07,42,7,0.44081632653061226,0.16929691141876016
nettcr,patient,NAC09,72,12,0.35972222222222217,0.20716948132447316
nettcr,peptide,AAAGVSFTK,30,5,0.336,0.1456177156177156
nettcr,peptide,FILGRVFVV,18,3,0.4888888888888889,0.19924242424242425
nettcr,peptide,FLSINVHKV,78,13,0.3230769230769231,0.1609501500556185
nettcr,peptide,FMYGPLVVV,42,7,0.436734693877551,0.16047147119717453
nettcr,peptide,FPVPVLETY,48,8,0.621875,0.2929419903926483
nettcr,peptide,GQAQGIGSSVY,114,19,0.5562326869806093,0.21022010975742428
nettcr,peptide,HPAAHAPMM,18,3,0.19999999999999996,0.13992673992673993
nettcr,peptide,KLNSGIAYV,24,4,0.43750000000000006,0.1808712121212121
nettcr,peptide,LYLDSFYEY,30,5,0.32,0.14176378169118642
nettcr,peptide,RLMEDLDWNK,36,6,0.8555555555555555,0.5895002658160553
nettcr,peptide,SEVIFLPFL,30,5,0.736,0.3481818181818182
nettcr,peptide,TVYPMARLL,48,8,0.603125,0.22115991647241648
panpep,allele,HLA-A02:01,198,33,0.54178145087236,0.18696702448997682
panpep,allele,HLA-A03:01,66,11,0.3322314049586777,0.1429753530278639
panpep,allele,HLA-A11:01,30,5,0.512,0.23834639498432603
panpep,allele,HLA-A29:01,30,5,0.808,0.569047619047619
panpep,allele,HLA-B15:01,150,25,0.56704,0.22517935512241202
panpep,allele,HLA-B18:01,18,3,0.37777777777777777,0.1690716690716691
panpep,allele,HLA-B35:01,24,4,0.825,0.4769230769230769
panpep,allele,HLA-B40:02,30,5,0.472,0.18633455433455434
panpep,allele,HLA-B53:01,66,11,0.3471074380165289,0.17983156067796224
panpep,allele,HLA-C15:02,48,8,0.459375,0.16374975124975125
panpep,patient,NAC01,132,22,0.45661157024793386,0.15257562917116277
panpep,patient,NAC02,36,6,0.3277777777777778,0.1397679368436637
panpep,patient,NAC03,216,36,0.5631172839506173,0.21825826336998436
panpep,patient,NAC04,48,8,0.659375,0.3789957744461421
panpep,patient,NAC05,126,21,0.4934240362811791,0.2019464140548255
panpep,patient,NAC07,42,7,0.4489795918367347,0.1612782001634568
panpep,patient,NAC09,72,12,0.5625,0.23743106653290802
panpep,peptide,AAAGVSFTK,30,5,0.512,0.23834639498432603
panpep,peptide,FILGRVFVV,18,3,0.28888888888888886,0.15276292335115865
panpep,peptide,FLSINVHKV,78,13,0.6497041420118342,0.3122167763701462
panpep,peptide,FMYGPLVVV,42,7,0.7755102040816326,0.355760071173605
panpep,peptide,FPVPVLETY,48,8,0.309375,0.17907429961904178
panpep,peptide,GQAQGIGSSVY,114,19,0.5551246537396122,0.18735759216778974
panpep,peptide,HPAAHAPMM,18,3,0.7777777777777778,0.4797979797979798
panpep,peptide,KLNSGIAYV,24,4,0.13749999999999998,0.12167620671456988
panpep,peptide,LYLDSFYEY,30,5,0.808,0.569047619047619
panpep,peptide,RLMEDLDWNK,36,6,0.3055555555555555,0.13485259838201014
panpep,peptide,SEVIFLPFL,30,5,0.472,0.18633455433455434
panpep,peptide,TVYPMARLL,48,8,0.459375,0.16374975124975125
pmtnet,allele,HLA-A02:01,198,33,0.4920110192837466,0.1701901333418943
pmtnet,allele,HLA-A03:01,66,11,0.42066115702479334,0.15844795665550382
pmtnet,allele,HLA-A11:01,30,5,0.472,0.19310038545332664
pmtnet,allele,HLA-A29:01,30,5,0.648,0.2644172494172494
pmtnet,allele,HLA-B15:01,150,25,0.46944,0.17386039939981765
pmtnet,allele,HLA-B18:01,18,3,0.5111111111111111,0.2103174603174603
pmtnet,allele,HLA-B35:01,24,4,0.48124999999999996,0.19448051948051948
pmtnet,allele,HLA-B40:02,30,5,0.608,0.22827505827505828
pmtnet,allele,HLA-B53:01,66,11,0.4884297520661158,0.177854405915912
pmtnet,allele,HLA-C15:02,48,8,0.5703125,0.20394172736396432
pmtnet,patient,NAC01,132,22,0.5148760330578512,0.1635339721860518
pmtnet,patient,NAC02,36,6,0.42777777777777776,0.1944254575833523
pmtnet,patient,NAC03,216,36,0.5034722222222222,0.18072309783341872
pmtnet,patient,NAC04,48,8,0.6,0.21601145940832472
pmtnet,patient,NAC05,126,21,0.4954648526077097,0.17480153074651406
pmtnet,patient,NAC07,42,7,0.4653061224489796,0.17553198681018228
pmtnet,patient,NAC09,72,12,0.4416666666666667,0.15865370363229161
pmtnet,peptide,AAAGVSFTK,30,5,0.472,0.19310038545332664
pmtnet,peptide,FILGRVFVV,18,3,0.4666666666666666,0.2222222222222222
pmtnet,peptide,FLSINVHKV,78,13,0.565680473372781,0.21113151781224737
pmtnet,peptide,FMYGPLVVV,42,7,0.42040816326530606,0.20486652562967517
pmtnet,peptide,FPVPVLETY,48,8,0.365625,0.14476806088648192
pmtnet,peptide,GQAQGIGSSVY,114,19,0.47811634349030474,0.20041335088992512
pmtnet,peptide,HPAAHAPMM,18,3,0.5222222222222221,0.22916666666666663
pmtnet,peptide,KLNSGIAYV,24,4,0.35,0.15306425600543247
pmtnet,peptide,LYLDSFYEY,30,5,0.648,0.2644172494172494
pmtnet,peptide,RLMEDLDWNK,36,6,0.4388888888888889,0.17077922077922078
pmtnet,peptide,SEVIFLPFL,30,5,0.608,0.22827505827505828
pmtnet,peptide,TVYPMARLL,48,8,0.5703125,0.20394172736396432
stepmhc_beta,allele,HLA-A02:01,198,33,0.6218549127640036,0.2401724972420079
stepmhc_beta,allele,HLA-A03:01,66,11,0.6909090909090909,0.35891648575648016
stepmhc_beta,allele,HLA-A11:01,30,5,0.6080000000000001,0.2485754985754986
stepmhc_beta,allele,HLA-A29:01,30,5,0.8159999999999998,0.5185897435897435
stepmhc_beta,allele,HLA-B15:01,150,25,0.72192,0.4881078412606552
stepmhc_beta,allele,HLA-B18:01,18,3,0.888888888888889,0.6984126984126984
stepmhc_beta,allele,HLA-B35:01,24,4,0.625,0.26234917043740574
stepmhc_beta,allele,HLA-B40:02,30,5,0.512,0.2495388669301713
stepmhc_beta,allele,HLA-B53:01,66,11,0.6743801652892562,0.3907733653715185
stepmhc_beta,allele,HLA-C15:02,48,8,0.634375,0.38280477868203705
stepmhc_beta,patient,NAC01,132,22,0.7012396694214877,0.39210872111866013
stepmhc_beta,patient,NAC02,36,6,0.5722222222222222,0.2583250083250083
stepmhc_beta,patient,NAC03,216,36,0.690432098765432,0.40693970105076505
stepmhc_beta,patient,NAC04,48,8,0.8218749999999999,0.46740003417634995
stepmhc_beta,patient,NAC05,126,21,0.6517006802721088,0.27997335470515006
stepmhc_beta,patient,NAC07,42,7,0.6448979591836734,0.4815570308181146
stepmhc_beta,patient,NAC09,72,12,0.5875,0.29589257787715495
stepmhc_beta,peptide,AAAGVSFTK,30,5,0.6080000000000001,0.2485754985754986
stepmhc_beta,peptide,FILGRVFVV,18,3,0.3333333333333333,0.1625272331154684
stepmhc_beta,peptide,FLSINVHKV,78,13,0.6224852071005916,0.27559805236565593
stepmhc_beta,peptide,FMYGPLVVV,42,7,0.5469387755102041,0.1930834430546412
stepmhc_beta,peptide,FPVPVLETY,48,8,0.753125,0.4891270260747005
stepmhc_beta,peptide,GQAQGIGSSVY,114,19,0.7096952908587256,0.49112213133146054
stepmhc_beta,peptide,HPAAHAPMM,18,3,0.7555555555555555,0.4242424242424242
stepmhc_beta,peptide,KLNSGIAYV,24,4,0.65,0.3658008658008658
stepmhc_beta,peptide,LYLDSFYEY,30,5,0.8159999999999998,0.5185897435897435
stepmhc_beta,peptide,RLMEDLDWNK,36,6,0.7666666666666667,0.5313321385902031
stepmhc_beta,peptide,SEVIFLPFL,30,5,0.512,0.2495388669301713
stepmhc_beta,peptide,TVYPMARLL,48,8,0.634375,0.38280477868203705
stepmhc_paired,allele,HLA-A02:01,198,33,0.6986225895316804,0.32800558266620267
stepmhc_paired,allele,HLA-A03:01,66,11,0.768595041322314,0.4593082054006221
stepmhc_paired,allele,HLA-A11:01,30,5,0.7360000000000001,0.4722222222222222
stepmhc_paired,allele,HLA-A29:01,30,5,0.848,0.4455122655122655
stepmhc_paired,allele,HLA-B15:01,150,25,0.8438399999999999,0.50471565267302
stepmhc_paired,allele,HLA-B18:01,18,3,0.7111111111111111,0.3611111111111111
stepmhc_paired,allele,HLA-B35:01,24,4,0.575,0.30245098039215684
stepmhc_paired,allele,HLA-B40:02,30,5,0.6,0.2452380952380952
stepmhc_paired,allele,HLA-B53:01,66,11,0.7024793388429752,0.4316443573560719
stepmhc_paired,allele,HLA-C15:02,48,8,0.778125,0.3823135198135198
stepmhc_paired,patient,NAC01,132,22,0.7925619834710744,0.41427596878007006
stepmhc_paired,patient,NAC02,36,6,0.5611111111111111,0.3304496157437334
stepmhc_paired,patient,NAC03,216,36,0.8180555555555555,0.4411356050605256
stepmhc_paired,patient,NAC04,48,8,0.790625,0.3745018115942029
stepmhc_paired,patient,NAC05,126,21,0.7070294784580499,0.3933825112672489
stepmhc_paired,patient,NAC07,42,7,0.6571428571428571,0.4082015036535484
stepmhc_paired,patient,NAC09,72,12,0.5972222222222222,0.241985589725868
stepmhc_paired,peptide,AAAGVSFTK,30,5,0.7360000000000001,0.4722222222222222
stepmhc_paired,peptide,FILGRVFVV,18,3,0.3555555555555555,0.16430976430976432
stepmhc_paired,peptide,FLSINVHKV,78,13,0.7952662721893491,0.3784175335915531
stepmhc_paired,peptide,FMYGPLVVV,42,7,0.6530612244897959,0.2706196413092965
stepmhc_paired,peptide,FPVPVLETY,48,8,0.8,0.5182081807081806
stepmhc_paired,peptide,GQAQGIGSSVY,114,19,0.8603878116343491,0.5357658262235003
stepmhc_paired,peptide,HPAAHAPMM,18,3,0.711111111111111,0.7291666666666666
stepmhc_paired,peptide,KLNSGIAYV,24,4,0.65,0.3622282608695652
stepmhc_paired,peptide,LYLDSFYEY,30,5,0.848,0.4455122655122655
stepmhc_paired,peptide,RLMEDLDWNK,36,6,0.9222222222222223,0.7349206349206349
stepmhc_paired,peptide,SEVIFLPFL,30,5,0.6,0.2452380952380952
stepmhc_paired,peptide,TVYPMARLL,48,8,0.778125,0.3823135198135198
teim,allele,HLA-A02:01,197,33,0.5798226164079823,0.20313199563141562
teim,allele,HLA-A03:01,65,11,0.2592592592592593,0.12740166388471916
teim,allele,HLA-A11:01,29,5,0.7916666666666666,0.351940836940837
teim,allele,HLA-A29:01,30,5,0.592,0.293592132505176
teim,allele,HLA-B15:01,149,25,0.45741935483870966,0.1670586661382974
teim,allele,HLA-B18:01,18,3,0.5555555555555556,0.2240740740740741
teim,allele,HLA-B35:01,24,4,0.85,0.6147186147186147
teim,allele,HLA-B40:02,30,5,0.536,0.21285714285714286
teim,allele,HLA-B53:01,65,11,0.3787878787878788,0.18556578850701425
teim,allele,HLA-C15:02,47,7,0.4357142857142857,0.17114420469902197
teim,patient,NAC01,130,21,0.4076015727391874,0.14161378058799612
teim,patient,NAC02,36,6,0.35555555555555557,0.1451657329598506
teim,patient,NAC03,214,36,0.48127340823970044,0.18508692072134345
teim,patient,NAC04,48,8,0.55,0.24587410095000228
teim,patient,NAC05,125,21,0.5009157509157509,0.19089128417657447
teim,patient,NAC07,42,7,0.6326530612244898,0.27805695946090037
teim,patient,NAC09,71,12,0.6694915254237289,0.27326009446595906
teim,peptide,AAAGVSFTK,29,5,0.7916666666666666,0.351940836940837
teim,peptide,FILGRVFVV,18,3,0.3111111111111111,0.15643939393939393
teim,peptide,FLSINVHKV,77,13,0.5817307692307693,0.24691698004449447
teim,peptide,FMYGPLVVV,42,7,0.6489795918367347,0.33855059255516917
teim,peptide,FPVPVLETY,47,8,0.3717948717948718,0.20458335519969612
teim,peptide,GQAQGIGSSVY,113,19,0.42105263157894735,0.15725011630508232
teim,peptide,HPAAHAPMM,18,3,0.9111111111111112,0.8095238095238095
teim,peptide,KLNSGIAYV,24,4,0.6125,0.27294372294372293
teim,peptide,LYLDSFYEY,30,5,0.592,0.293592132505176
teim,peptide,RLMEDLDWNK,35,6,0.24712643678160917,0.14353091353091352
teim,peptide,SEVIFLPFL,30,5,0.536,0.21285714285714286
teim,peptide,TVYPMARLL,47,7,0.4357142857142857,0.17114420469902197
unipmt,allele,HLA-A02:01,198,33,0.4786042240587695,0.17931503403014432
unipmt,allele,HLA-A03:01,66,11,0.4826446280991736,0.21509461578709743
unipmt,allele,HLA-A11:01,30,5,0.584,0.26349206349206344
unipmt,allele,HLA-A29:01,30,5,0.792,0.4555555555555555
unipmt,allele,HLA-B15:01,150,25,0.49215999999999993,0.15876480650136182
unipmt,allele,HLA-B18:01,18,3,0.6,0.2833333333333333
unipmt,allele,HLA-B35:01,24,4,0.38749999999999996,0.1831425153793575
unipmt,allele,HLA-B40:02,30,5,0.43200000000000005,0.17067669172932332
unipmt,allele,HLA-B53:01,66,11,0.4826446280991736,0.24774338968900148
unipmt,allele,HLA-C15:02,48,8,0.284375,0.15445194425457584
unipmt,patient,NAC01,132,22,0.4714876033057851,0.28982011371546473
unipmt,patient,NAC02,36,6,0.40555555555555556,0.16162743774972876
unipmt,patient,NAC03,216,36,0.487962962962963,0.16336948386324807
unipmt,patient,NAC04,48,8,0.628125,0.2492063492063492
unipmt,patient,NAC05,126,21,0.5011337868480725,0.25288654447927833
unipmt,patient,NAC07,42,7,0.5714285714285714,0.2898303765950825
unipmt,patient,NAC09,72,12,0.47777777777777775,0.1842170403865946
unipmt,peptide,AAAGVSFTK,30,5,0.584,0.26349206349206344
unipmt,peptide,FILGRVFVV,18,3,0.3555555555555555,0.1638888888888889
unipmt,peptide,FLSINVHKV,78,13,0.4177514792899409,0.15596048085343406
unipmt,peptide,FMYGPLVVV,42,7,0.5428571428571428,0.4178223125073008
unipmt,peptide,FPVPVLETY,48,8,0.465625,0.2744372405143582
unipmt,peptide,GQAQGIGSSVY,114,19,0.43711911357340716,0.14473134473365798
unipmt,peptide,HPAAHAPMM,18,3,0.3111111111111111,0.15544871794871795
unipmt,peptide,KLNSGIAYV,24,4,0.7375,0.3742997198879552
unipmt,peptide,LYLDSFYEY,30,5,0.792,0.4555555555555555
unipmt,peptide,RLMEDLDWNK,36,6,0.6666666666666666,0.5191391941391941
unipmt,peptide,SEVIFLPFL,30,5,0.43200000000000005,0.17067669172932332
unipmt,peptide,TVYPMARLL,48,8,0.284375,0.15445194425457584
