cohort,antigen,pct
BNT221,"ATXN2
1261:T>A
HLA-B35:01",0.7066666666666667
BNT221,"FAM213
183:G>R
HLA-A03:01",0.8066666666666666
BNT221,"PPAN
165:P>L
HLA-A02:01",0.825
BNT221,"EP400
3016:A>G
HLA-B15:01",0.39166666666666666
BNT221,"MAGEB2
78:S>F
HLA-A11:01",0.075
BNT221,"MAGEB2
78:S>F
HLA-A11:01",0.38166666666666665
BNT221,"PPAN
165:P>L
HLA-A02:01",0.9266666666666666
BNT221,"XIRP1-S21
482:P>S
HLA-B15:01",0.8933333333333333
BNT221,"TBC1D13
223:P>S
HLA-A02:01",0.45166666666666666
BNT221,"MAGEB2
78:S>F
HLA-A11:01",0.52
BNT221,"PPAN
165:P>L
HLA-A02:01",0.9333333333333333
BNT221,"PPAN
165:P>L
HLA-A02:01",0.9066666666666666
BNT221,"S100A6
62:R>W
HLA-A03:01",0.7633333333333333
BNT221,"DYRK2
268:R>G
HLA-B18:01",0.6983333333333334
BNT221,"GLG1
522:D>E
HLA-C07:01",0.81
BNT221,"LIMA1
401:E>A
HLA-C15:02",0.9933333333333333
BNT221,"RPTOR
1323:Y>D
HLA-B18:01",0.7316666666666667
BNT221,"FAM213
183:G>R
HLA-A03:01",0.77
BNT221,"MRPS30
173:S>F
HLA-B40:02",0.38
BNT221,"TBC1D13
223:P>S
HLA-A02:01",0.15
BNT221,"RNF103
381:P>L
HLA-A29:01",0.7266666666666667
BNT221,"PITPNM1
945:D>V
HLA-A02:01",0.10333333333333333
BNT221,"LIMA1
401:E>A
HLA-C15:02",0.285
BNT221,"TBC1D13
223:P>S
HLA-A02:01",0.24666666666666667
BNT221,"TBC1D13
223:P>S
HLA-A02:01",0.41
BNT221,"PITPNM1
945:D>V
HLA-A02:01",0.4
BNT221,"LIMA1
401:E>A
HLA-C15:02",0.9066666666666666
BNT221,"FAM213
183:G>R
HLA-A02:01",0.2633333333333333
BNT221,"FAM213
183:G>R
HLA-A02:01",0.24666666666666667
BNT221,"PTPN23
487:S>F
HLA-B15:01",0.635
BNT221,"XIRP1-S32
482:P>S
HLA-B15:01











",0.9966666666666667
BNT221,"XIRP1-S32
482:P>S
HLA-B15:01











",1.0
BNT221,"XIRP1-S21
482:P>S
HLA-B15:01",0.9966666666666667
BNT221,"XIRP1-S21
482:P>S
HLA-B15:01",0.995
BNT221,"XIRP1-S32
482:P>S
HLA-B15:01











",0.98
BNT221,"S100A6
62:R>W
HLA-A03:01",0.33666666666666667
BNT221,"TAF1B
510:S>L
HLA-A03:01",0.12666666666666668
BNT221,"XIRP1-S21
482:P>S
HLA-B15:01",0.8483333333333334
BNT221,"MAGEB2
78:S>F
HLA-A11:01",0.9566666666666667
BNT221,"PPAN
165:P>L
HLA-A02:01",0.8716666666666667
BNT221,"PPAN
165:P>L
HLA-A02:01",0.8466666666666667
BNT221,"PPAN
165:P>L
HLA-A02:01",0.825
BNT221,"RNF103
381:P>L
HLA-A29:01",0.9766666666666667
BNT221,"XIRP1-S21
482:P>S
HLA-B15:01",0.8066666666666666
BNT221,"KDM6A
276:S>F
HLA-B53:01",0.2916666666666667
BNT221,"RNF103
381:P>L
HLA-A29:01",0.7533333333333333
BNT221,"ATXN2
1261:T>A
HLA-B35:01",0.013333333333333334
BNT221,"NBEA
2371:P>L
HLA-B35:01",0.18333333333333332
BNT221,"PPAN
165:P>L
HLA-A02:01",0.5333333333333333
BNT221,"XIRP1-S32
482:P>S
HLA-B15:01











",0.7066666666666667
BNT221,"TNPO3
428:K>I
HLA-A02:01",0.815
BNT221,"PPAN
165:P>L
HLA-A02:01",0.285
BNT221,"MRPS30
173:S>F
HLA-B40:02",0.7
BNT221,"PPAN
165:P>L
HLA-A02:01",0.96
BNT221,"SLC6A8
401:L>P
HLA-A02:01",0.82
BNT221,"WASF2
116:L>F
HLA-B53:01",0.79
BNT221,"RNF103
381:P>L
HLA-A29:01",0.945
BNT221,"WASF2
116:L>F
HLA-B53:01",0.69
BNT221,"LIMA1
401:E>A
HLA-C15:02",0.9933333333333333
BNT221,"NEDD4L
115:L>F
HLA-B15:01",0.7283333333333334
BNT221,"PPAN
165:P>L
HLA-A02:01",0.86
BNT221,"SLC2A1
36:P>L
HLA-A02:06",0.8033333333333333
BNT221,"WASF2
116:L>F
HLA-B53:01",0.8383333333333334
BNT221,"WASF2
116:L>F
HLA-B53:01",0.9983333333333333
BNT221,"XIRP1-S21
482:P>S
HLA-B15:01",0.9016666666666666
BNT221,"WASF2
116:L>F
HLA-B53:01",0.6666666666666666
BNT221,"PPAN
165:P>L
HLA-A02:01",0.715
BNT221,"XIRP1-S21
482:P>S
HLA-B15:01",0.75
BNT221,"PITPNM1
945:D>V
HLA-A02:01",0.07333333333333333
BNT221,"S100A6
62:R>W
HLA-A03:01",0.9
BNT221,"S100A6
62:R>W
HLA-A03:01",0.8366666666666667
BNT221,"TNPO3
428:K>I
HLA-A02:01",0.815
BNT221,"XIRP1-S32
482:P>S
HLA-B15:01











",0.615
BNT221,"PITPNM1
945:D>V
HLA-A02:01",0.9083333333333333
BNT221,"XIRP1-S21
482:P>S
HLA-B15:01",0.57
BNT221,"NEDD4L
115:L>F
HLA-B15:01",0.6533333333333333
BNT221,"LIMA1
401:E>A
HLA-C15:02",0.7883333333333333
BNT221,"XIRP1-S32
482:P>S
HLA-B15:01











",0.8483333333333334
BNT221,"SMARCA4
1180:P>L
HLA-A02:01",0.8283333333333334
BNT221,"WASF2
116:L>F
HLA-B53:01",0.9333333333333333
BNT221,"WASF2
116:L>F
HLA-B53:01",0.36666666666666664
BNT221,"XIRP1-S32
482:P>S
HLA-B15:01











",0.6433333333333333
BNT221,"S100A6
62:R>W
HLA-A03:01",0.9816666666666667
BNT221,"ATXN2
1261:T>A
HLA-B35:01",0.74
BNT221,"SLC2A1
36:P>L
HLA-A02:06",0.955
BNT221,"MRPS30
173:S>F
HLA-B40:02",0.4716666666666667
BNT221,"SEZ6
552:G>S 
HLA-B53:01",0.9516666666666667
BNT221,"GLG1
522:D>E
HLA-C07:01",0.295
BNT221,"NBEA
348:G>E
HLA-B15:01",0.9683333333333334
BNT221,"PPAN
165:P>L
HLA-A02:01",0.6816666666666666
BNT221,"SEZ6
552:G>S 
HLA-B53:01",0.9766666666666667
BNT221,"LIMA1
401:E>A
HLA-C15:02",0.98
BNT221,"DYRK2
268:R>G
HLA-B18:01",0.9566666666666667
BNT221,"PITPNM1
945:D>V
HLA-A02:01",0.905
BNT221,"PITPNM1
945:D>V
HLA-A02:01",0.865
BNT221,"LIMA1
401:E>A
HLA-C15:02",0.8783333333333333
BNT221,"WASF2
116:L>F
HLA-B53:01",0.43333333333333335
BNT221,"LIMA1
401:E>A
HLA-C15:02",0.8466666666666667
BNT221,"XIRP1-S21
482:P>S
HLA-B15:01",0.9133333333333333
BNT221,"XIRP1-S21
482:P>S
HLA-B15:01",0.8816666666666667
BNT221,"XIRP1-S21
482:P>S
HLA-B15:01",0.9483333333333334
BNT221,"XIRP1-S21
482:P>S
HLA-B15:01",0.96
BNT221,"MAGEB2
78:S>F
HLA-A11:01",0.9116666666666666
BNT221,"TAF1B
510:S>L
HLA-A03:01",0.6566666666666666
BNT221,"S100A6
62:R>W
HLA-A03:01",0.7883333333333333
BNT221,"MRPS30
173:S>F
HLA-B40:02",0.14166666666666666
BNT221,"HIST1H1B
203:P>L
HLA-A03:01",0.9783333333333334
BNT221,"PITPNM1
945:D>V
HLA-A02:01",0.76
BNT221,"FAM213
183:G>R
HLA-A02:01",0.53
BNT221,"SLIT2
402:S>F
HLA-A02:01",0.9416666666666667
BNT221,"RNF103
381:P>L
HLA-A29:01",0.6066666666666667
BNT221,"PTPN23
487:S>F
HLA-B15:01",0.8833333333333333
BNT221,"MRPS30
173:S>F
HLA-B40:02",0.07166666666666667
BNT221,"DDX42
699:M>V
HLA-A02:01",0.405
HBV,HBVgp4_ag_core,0.5183333333333333
HBV,HBVgp4_ag_core,0.6766666666666666
HBV,HBVgp4_ag_core,0.9933333333333333
HBV,HBVgp4_ag_core,0.985
HBV,HBVgp4_ag_core,0.07
HBV,HBVgp4_ag_core,0.36666666666666664
HBV,HBVgp4_ag_core,0.9666666666666667
HBV,HBVgp2_ac_env,0.67
HBV,HBVgp2_ac_env,0.10833333333333334
HBV,HBVgp3_ag_x,0.755
HBV,HBVgp4_ag_core,0.8383333333333334
HBV,HBVgp2_gcgg_pol,0.815
HBV,HBVgp4_ag_core,0.16333333333333333
HBV,HBVgp4_ag_core,0.43833333333333335
HBV,HBVgp1_tg_pol,0.5166666666666667
HBV,HBVgp4_ag_core,0.76
HBV,HBVgp1_ccag_pol,0.095
HBV,HBVgp2_cg_env,0.7733333333333333
HBV,HBVgp1_aa_pol,0.675
HBV,HBVgp4_ag_core,0.8
HBV,HBVgp4_ag_core,0.95
HBV,HBVgp1_ccat_pol,0.9433333333333334
HBV,HBVgp4_ag_core,0.37833333333333335
HBV,HBVgp4_ag_core,0.9433333333333334
NSCLC,TP53G244C,0.515
NSCLC,TP53G244C,0.6333333333333333
NSCLC,KRASG12V,0.9683333333333334
NSCLC,ITGAVA245V,0.17333333333333334
NSCLC,SCRIBV932L,0.45166666666666666
NSCLC,SCRIBV932L,0.705
NSCLC,PIGTT37I,0.085
Caushi,NSSCMGGMNLR,0.5783333333333334
Caushi,NSSCMGGMNLR,0.715
Caushi,NSSCMGGMNLR,0.6583333333333333
Caushi,NSSCMGGMNLR,0.9866666666666667
Caushi,NSSCMGGMNLR,0.5416666666666666
Caushi,EVIVPLSGW,0.9016666666666666
Caushi,EVIVPLSGW,0.3566666666666667
Caushi,QHQPNPFEV,0.95
Caushi,FAAQAGAWKI,0.46166666666666667
